timestamp,hour,day,month,weekday,pm2_5,pm10,co,no2,so2,o3,aqi,previous_aqi,temperature,humidity,pressure,wind_speed
2026-07-23 15:00:00,15,23,7,3,20.65,21.45,405.43,2.98,1.6,112.65,69,69,,,,
2026-07-23 16:00:00,16,23,7,3,24.33,25.19,403.71,2.9,1.6,118.91,77,69,,,,
2026-07-23 17:00:00,17,23,7,3,25.05,25.96,393.33,3.11,1.54,120.61,78,77,,,,
2026-07-23 18:00:00,18,23,7,3,24.02,25.1,384.2,3.96,1.51,116.06,76,78,,,,
2026-07-23 19:00:00,19,23,7,3,23.04,24.42,383.96,5.19,1.57,108.08,74,76,,,,
2026-07-23 20:00:00,20,23,7,3,21.51,23.19,381.71,5.47,1.59,101.35,71,74,,,,
2026-07-23 21:00:00,21,23,7,3,21.47,23.65,407.11,7.21,1.51,89.04,71,71,,,,
2026-07-23 22:00:00,22,23,7,3,23.22,26.17,463.01,10.07,1.4,73.82,74,71,,,,
2026-07-23 23:00:00,23,23,7,3,24.77,28.51,511.67,12.3,1.27,62.01,78,74,,,,
2026-07-24 00:00:00,0,24,7,4,25.79,30.11,543.29,13.73,1.06,51.59,80,78,,,,
2026-07-24 01:00:00,1,24,7,4,26.81,31.62,566.21,14.33,0.9,43.08,82,80,,,,
2026-07-24 02:00:00,2,24,7,4,27.86,33.14,584.09,14.41,0.82,36.65,84,82,,,,
2026-07-24 03:00:00,3,24,7,4,29.09,34.64,597.26,14.38,0.78,31.82,87,84,,,,
2026-07-24 04:00:00,4,24,7,4,30.18,36.13,613.16,14.54,0.75,27.59,89,87,,,,
2026-07-24 05:00:00,5,24,7,4,31.09,37.6,627.72,15.06,0.77,24.02,91,89,,,,
2026-07-24 06:00:00,6,24,7,4,31.13,38.68,639.85,15.43,0.79,21.4,91,91,,,,
2026-07-24 07:00:00,7,24,7,4,30.5,39.06,673.89,14.28,0.84,20.37,90,91,,,,
2026-07-24 08:00:00,8,24,7,4,30.85,39.87,720.04,12.56,0.98,24.16,90,90,,,,
2026-07-24 09:00:00,9,24,7,4,21.1,27.35,409.75,5.24,2.56,75.44,70,90,,,,
2026-07-24 10:00:00,10,24,7,4,22.77,27.12,361.29,3.37,2.59,92.86,73,70,,,,
2026-07-24 11:00:00,11,24,7,4,26.33,29.62,352.69,2.58,2.24,103.65,81,73,,,,
2026-07-24 12:00:00,12,24,7,4,24.76,27.11,328.29,1.92,1.7,108.25,78,81,,,,
2026-07-24 13:00:00,13,24,7,4,21.65,23.42,304.59,1.54,1.24,108.78,71,78,,,,
2026-07-24 14:00:00,14,24,7,4,20.25,21.79,289.69,1.41,1.01,109.74,68,71,,,,
2026-07-24 15:00:00,15,24,7,4,18.92,20.45,278.8,1.39,0.9,110.94,65,68,,,,
2026-07-24 16:00:00,16,24,7,4,17.97,19.62,271.86,1.56,0.88,111.39,63,65,,,,
2026-07-24 17:00:00,17,24,7,4,17.33,19.21,270.24,2.01,0.92,111.41,62,63,,,,
2026-07-24 18:00:00,18,24,7,4,18.76,21.37,349.77,7.88,1.12,94.15,65,62,,,,
2026-07-24 19:00:00,19,24,7,4,21.69,25.44,481.13,16.96,1.34,68.59,71,65,,,,
2026-07-24 20:00:00,20,24,7,4,24.68,29.65,591.18,22.59,1.5,51.62,77,71,,,,
2026-07-24 21:00:00,21,24,7,4,27.32,33.31,671.34,26.04,1.64,41.05,83,77,,,,
2026-07-24 22:00:00,22,24,7,4,29.83,36.6,738.73,28.18,1.64,32.36,88,83,,,,
2026-07-24 23:00:00,23,24,7,4,32.02,39.24,792.24,29.6,1.55,24.87,93,88,,,,
2026-07-25 00:00:00,0,25,7,5,33.29,40.56,816.02,29.57,1.34,19.54,96,93,,,,
2026-07-25 01:00:00,1,25,7,5,33.76,40.98,820.02,27.97,1.11,16.91,97,96,,,,
2026-07-25 02:00:00,2,25,7,5,34.28,41.46,811.92,25.71,0.96,15.97,98,97,,,,
2026-07-25 03:00:00,3,25,7,5,34.9,42.01,794.29,23.34,0.89,16.57,99,98,,,,
2026-07-25 04:00:00,4,25,7,5,35.52,42.52,775.21,21.42,0.92,18.69,101,99,,,,
2026-07-25 05:00:00,5,25,7,5,35.88,42.68,754.76,19.81,0.99,22.89,102,101,,,,
2026-07-25 06:00:00,6,25,7,5,33.24,39.39,648.69,14.8,1.38,40.93,95,102,,,,
2026-07-25 07:00:00,7,25,7,5,33.07,38.63,617.3,12.84,1.85,47.54,95,95,,,,
2026-07-25 08:00:00,8,25,7,5,33.93,38.67,621.02,12.27,2.15,51.92,97,95,,,,
2026-07-25 09:00:00,9,25,7,5,32.12,35.33,520.27,7.78,2.42,76.14,93,97,,,,
2026-07-25 10:00:00,10,25,7,5,33.91,36.25,503.71,5.78,2.19,90.02,97,93,,,,
2026-07-25 11:00:00,11,25,7,5,36.57,38.54,514.57,4.46,1.81,101.87,104,97,,,,
2026-07-25 12:00:00,12,25,7,5,29.72,31.1,483.3,3.01,1.22,114.91,88,104,,,,
2026-07-25 13:00:00,13,25,7,5,29.62,30.86,495.59,3.04,1.03,113.94,88,88,,,,
2026-07-25 14:00:00,14,25,7,5,31.72,32.97,526.45,3.6,1.03,109.2,92,88,,,,
2026-07-25 15:00:00,15,25,7,5,32.56,33.89,545.18,4.13,1.05,104.62,94,92,,,,
2026-07-25 16:00:00,16,25,7,5,32.82,34.2,556.47,4.62,1.07,101.22,95,94,,,,
2026-07-25 17:00:00,17,25,7,5,32.92,34.31,564.68,5.31,1.07,98.27,95,95,,,,
2026-07-25 18:00:00,18,25,7,5,33.14,34.67,576.07,6.39,1.06,95.1,95,95,,,,
2026-07-25 19:00:00,19,25,7,5,32.95,34.68,586.35,7.42,1.06,89.53,95,95,,,,
2026-07-25 20:00:00,20,25,7,5,32.45,34.31,591.27,7.42,1.02,85.89,94,95,,,,
2026-07-25 21:00:00,21,25,7,5,32.65,34.73,594.96,7.29,0.99,81.55,94,94,,,,
2026-07-25 22:00:00,22,25,7,5,34.18,36.67,605.85,7.55,0.97,76.29,97,94,,,,
2026-07-25 23:00:00,23,25,7,5,34.97,37.74,609.99,7.7,0.92,72.03,99,97,,,,
2026-07-26 00:00:00,0,26,7,6,34.97,37.84,608.63,7.78,0.88,67.25,99,99,,,,
2026-07-26 01:00:00,1,26,7,6,34.8,37.71,609.23,7.72,0.89,62.66,99,99,,,,
2026-07-26 02:00:00,2,26,7,6,34.2,37.12,603.71,7.46,0.97,59.01,97,99,,,,
2026-07-26 03:00:00,3,26,7,6,33.26,36.18,596.89,7.26,1.04,55.8,95,97,,,,
2026-07-26 04:00:00,4,26,7,6,32.49,35.43,590.13,7.04,1.04,53.02,94,95,,,,
2026-07-26 05:00:00,5,26,7,6,32.06,35.05,584.02,6.9,1.02,50.6,93,94,,,,
2026-07-26 06:00:00,6,26,7,6,30.47,33.61,573.83,6.81,0.98,48.05,90,93,,,,
2026-07-26 07:00:00,7,26,7,6,28.17,31.74,570.45,6.98,1.0,47.23,85,90,,,,
2026-07-26 08:00:00,8,26,7,6,26.92,30.92,567.77,6.72,1.06,53.4,82,85,,,,
2026-07-26 09:00:00,9,26,7,6,24.97,28.86,499.45,4.74,1.26,76.94,78,82,,,,
2026-07-26 10:00:00,10,26,7,6,26.14,30.06,470.66,3.9,1.36,90.0,81,78,,,,
2026-07-26 11:00:00,11,26,7,6,28.11,32.11,459.91,3.59,1.42,97.76,85,81,,,,
2026-07-26 12:00:00,12,26,7,6,17.63,19.95,375.5,2.04,1.06,108.03,63,85,,,,
2026-07-26 13:00:00,13,26,7,6,12.58,14.14,330.62,1.38,0.74,110.28,52,63,,,,
2026-07-26 14:00:00,14,26,7,6,11.93,13.33,312.97,1.17,0.63,111.16,50,52,,,,
2026-07-26 15:00:00,15,26,7,6,11.41,12.81,300.99,1.08,0.59,112.48,48,50,,,,
2026-07-26 16:00:00,16,26,7,6,11.16,12.7,292.29,1.17,0.6,112.33,47,48,,,,
2026-07-26 17:00:00,17,26,7,6,11.05,12.82,288.91,1.47,0.63,112.17,46,47,,,,
2026-07-26 18:00:00,18,26,7,6,12.54,15.01,348.33,5.79,0.81,97.51,52,46,,,,
2026-07-26 19:00:00,19,26,7,6,15.0,18.52,446.33,12.57,1.03,75.65,57,52,,,,
2026-07-26 20:00:00,20,26,7,6,17.34,21.95,528.42,16.72,1.21,61.97,62,57,,,,
2026-07-26 21:00:00,21,26,7,6,19.83,25.5,588.65,19.05,1.33,53.64,67,62,,,,
2026-07-26 22:00:00,22,26,7,6,22.64,29.39,637.2,20.07,1.32,46.78,73,67,,,,
2026-07-26 23:00:00,23,26,7,6,24.66,32.57,668.5,20.21,1.19,41.4,77,73,,,,
2026-07-27 00:00:00,0,27,7,0,25.32,34.65,672.53,19.02,0.95,38.58,79,77,,,,
2026-07-27 01:00:00,1,27,7,0,26.22,37.36,671.64,17.63,0.83,36.45,81,79,,,,
2026-07-27 02:00:00,2,27,7,0,27.42,40.44,670.75,16.44,0.77,34.0,83,81,,,,
2026-07-27 03:00:00,3,27,7,0,28.19,43.1,665.74,15.47,0.77,32.04,85,83,,,,
2026-07-27 04:00:00,4,27,7,0,29.9,46.78,662.65,14.98,0.85,31.37,88,85,,,,
2026-07-27 05:00:00,5,27,7,0,32.23,50.94,665.59,15.19,1.0,31.42,93,88,,,,
2026-07-27 06:00:00,6,27,7,0,33.78,53.98,677.18,15.88,1.15,30.82,97,93,,,,
2026-07-27 07:00:00,7,27,7,0,34.09,55.88,707.38,15.58,1.19,30.3,97,97,,,,
2026-07-27 08:00:00,8,27,7,0,33.02,56.82,746.16,14.66,1.19,37.86,95,97,,,,
2026-07-27 09:00:00,9,27,7,0,19.75,37.21,394.19,3.79,1.19,108.96,67,95,,,,
2026-07-27 10:00:00,10,27,7,0,15.93,27.43,336.89,2.25,1.08,112.06,59,67,,,,
2026-07-27 11:00:00,11,27,7,0,14.27,23.67,319.34,1.83,0.95,111.23,56,59,,,,
2026-07-27 12:00:00,12,27,7,0,12.39,20.42,302.62,1.47,0.75,109.38,52,56,,,,
2026-07-27 13:00:00,13,27,7,0,10.75,17.86,286.06,1.19,0.55,105.86,45,52,,,,
2026-07-27 14:00:00,14,27,7,0,10.36,17.38,280.43,1.09,0.46,104.83,43,45,,,,
2026-07-27 15:00:00,15,27,7,0,10.86,18.51,281.92,1.08,0.43,106.05,45,43,,,,
2026-07-27 16:00:00,16,27,7,0,11.97,20.95,286.9,1.23,0.44,107.99,50,45,,,,
2026-07-27 17:00:00,17,27,7,0,13.14,23.88,295.48,1.58,0.47,109.79,53,50,,,,
2026-07-27 18:00:00,18,27,7,0,15.14,27.84,342.31,4.6,0.62,102.65,57,53,,,,
2026-07-27 19:00:00,19,27,7,0,18.07,33.19,419.55,9.46,0.84,88.21,64,57,,,,
2026-07-27 20:00:00,20,27,7,0,21.49,39.43,484.36,12.05,0.99,77.23,71,64,,,,
2026-07-27 21:00:00,21,27,7,0,24.9,44.92,531.42,13.26,1.06,68.98,78,71,,,,
2026-07-27 22:00:00,22,27,7,0,28.16,50.0,567.51,13.63,1.08,63.79,85,78,,,,
2026-07-27 23:00:00,23,27,7,0,30.75,54.52,583.82,13.46,1.03,60.78,90,85,,,,
2026-07-28 00:00:00,0,28,7,1,32.59,57.76,587.7,13.37,0.98,57.24,94,90,,,,
2026-07-28 01:00:00,1,28,7,1,34.77,60.16,611.37,14.4,1.08,51.75,99,94,,,,
2026-07-28 02:00:00,2,28,7,1,38.14,63.11,634.77,15.4,1.24,47.46,108,99,,,,
2026-07-28 03:00:00,3,28,7,1,41.2,65.75,656.06,16.17,1.41,44.01,115,108,,,,
2026-07-28 04:00:00,4,28,7,1,43.81,67.92,676.58,16.52,1.51,40.29,121,115,,,,
2026-07-28 05:00:00,5,28,7,1,45.89,69.11,703.14,16.67,1.47,34.77,127,121,,,,
2026-07-28 06:00:00,6,28,7,1,45.47,67.33,731.84,16.49,1.17,28.16,126,127,,,,
2026-07-28 07:00:00,7,28,7,1,43.63,64.3,781.82,15.65,1.13,25.84,121,126,,,,
2026-07-28 08:00:00,8,28,7,1,45.54,65.34,843.48,13.98,1.26,32.14,126,121,,,,
2026-07-28 09:00:00,9,28,7,1,47.59,66.4,655.44,7.38,3.23,88.39,131,126,,,,
2026-07-28 10:00:00,10,28,7,1,57.44,73.87,638.87,5.14,3.37,118.93,152,131,,,,
2026-07-28 11:00:00,11,28,7,1,70.85,86.02,643.13,3.83,3.36,142.83,159,152,,,,
2026-07-28 12:00:00,12,28,7,1,56.49,72.33,480.55,1.85,3.23,141.81,152,159,,,,
2026-07-28 13:00:00,13,28,7,1,46.02,61.05,405.6,1.24,2.61,134.03,127,152,,,,
2026-07-28 14:00:00,14,28,7,1,43.08,57.16,386.32,1.16,2.27,131.19,120,127,,,,
2026-07-28 15:00:00,15,28,7,1,42.87,56.68,388.99,1.59,2.12,130.99,119,120,,,,
2026-07-28 16:00:00,16,28,7,1,43.87,57.54,407.0,2.69,2.09,130.89,122,119,,,,
2026-07-28 17:00:00,17,28,7,1,44.62,58.41,434.12,4.47,2.11,129.68,123,122,,,,
2026-07-28 18:00:00,18,28,7,1,46.25,60.37,485.64,7.9,2.19,123.54,127,123,,,,
2026-07-28 19:00:00,19,28,7,1,49.24,63.53,556.73,11.96,2.24,112.13,135,127,,,,
2026-07-28 20:00:00,20,28,7,1,52.63,66.81,629.57,14.18,2.27,101.92,143,135,,,,
2026-07-28 21:00:00,21,28,7,1,56.49,69.88,719.59,16.71,2.22,89.61,152,143,,,,
2026-07-28 22:00:00,22,28,7,1,60.82,73.98,828.08,19.64,2.15,76.19,154,152,,,,
2026-07-28 23:00:00,23,28,7,1,63.98,77.84,924.41,22.1,2.04,64.43,155,154,,,,
2026-07-29 00:00:00,0,29,7,2,65.14,80.41,978.54,23.04,1.89,55.16,156,155,,,,
2026-07-29 01:00:00,1,29,7,2,65.83,82.09,1001.5,21.83,1.8,49.81,156,156,,,,
2026-07-29 02:00:00,2,29,7,2,66.09,82.2,998.58,19.53,1.84,46.54,156,156,,,,
2026-07-29 03:00:00,3,29,7,2,65.31,79.64,981.78,16.95,2.17,44.3,156,156,,,,
2026-07-29 04:00:00,4,29,7,2,65.1,76.48,998.52,16.24,2.51,37.64,156,156,,,,
2026-07-29 05:00:00,5,29,7,2,63.65,72.23,1013.35,15.74,3.09,31.57,155,156,,,,
2026-07-29 06:00:00,6,29,7,2,58.56,64.82,977.95,13.89,3.41,30.18,153,155,,,,
2026-07-29 07:00:00,7,29,7,2,54.06,58.83,940.98,12.78,3.51,30.97,147,153,,,,
2026-07-29 08:00:00,8,29,7,2,50.53,54.25,903.42,11.74,3.5,36.27,138,147,,,,
2026-07-29 09:00:00,9,29,7,2,42.61,46.56,751.33,8.43,3.82,59.8,119,138,,,,
2026-07-29 10:00:00,10,29,7,2,38.22,42.43,676.92,6.82,3.6,72.74,108,119,,,,
2026-07-29 11:00:00,11,29,7,2,37.15,41.49,637.73,5.72,3.4,83.62,105,108,,,,
2026-07-29 12:00:00,12,29,7,2,29.3,37.22,512.23,3.69,2.69,96.3,87,105,,,,
2026-07-29 13:00:00,13,29,7,2,24.76,34.09,454.96,3.13,2.2,99.48,78,87,,,,
2026-07-29 14:00:00,14,29,7,2,22.48,31.6,442.97,3.19,2.08,100.66,73,78,,,,
2026-07-29 15:00:00,15,29,7,2,21.59,30.92,441.11,3.34,2.06,103.43,71,73,,,,
2026-07-29 16:00:00,16,29,7,2,22.69,31.88,450.62,3.62,2.09,107.01,73,71,,,,
2026-07-29 17:00:00,17,29,7,2,24.25,33.5,462.09,4.15,2.12,110.73,77,73,,,,
2026-07-29 18:00:00,18,29,7,2,27.16,36.55,522.38,8.0,2.16,104.18,83,77,,,,
2026-07-29 19:00:00,19,29,7,2,30.74,40.1,613.39,13.51,2.23,89.56,90,83,,,,
2026-07-29 20:00:00,20,29,7,2,33.88,43.19,690.59,16.49,2.26,77.86,97,90,,,,
2026-07-29 21:00:00,21,29,7,2,37.04,46.08,752.61,18.0,2.29,69.42,105,97,,,,
2026-07-29 22:00:00,22,29,7,2,40.67,49.49,812.93,18.63,2.35,62.98,114,105,,,,
2026-07-29 23:00:00,23,29,7,2,44.42,53.04,867.44,18.98,2.35,57.52,123,114,,,,
2026-07-30 00:00:00,0,30,7,3,48.24,56.37,905.9,18.59,2.39,54.07,132,123,,,,
2026-07-30 01:00:00,1,30,7,3,52.69,60.09,929.6,16.86,2.66,54.35,143,132,,,,
2026-07-30 02:00:00,2,30,7,3,58.45,65.16,926.6,13.67,3.29,60.52,153,143,,,,
2026-07-30 03:00:00,3,30,7,3,64.98,71.48,875.57,9.66,4.69,74.23,156,153,,,,
2026-07-30 04:00:00,4,30,7,3,69.1,74.69,839.4,7.3,5.77,83.08,158,156,,,,
2026-07-30 05:00:00,5,30,7,3,72.34,76.42,802.96,5.67,6.44,90.6,160,158,,,,
2026-07-30 06:00:00,6,30,7,3,77.12,80.7,713.17,3.72,6.08,108.45,162,160,,,,
2026-07-30 07:00:00,7,30,7,3,75.82,79.17,728.68,4.29,5.31,103.23,161,162,,,,
2026-07-30 08:00:00,8,30,7,3,73.5,76.8,764.28,5.59,4.77,97.31,160,161,,,,
2026-07-30 09:00:00,9,30,7,3,76.26,79.78,797.37,5.92,4.47,102.75,162,160,,,,
2026-07-30 10:00:00,10,30,7,3,80.67,84.4,807.88,5.34,4.27,115.41,164,162,,,,
2026-07-30 11:00:00,11,30,7,3,84.67,88.61,801.65,4.57,4.18,129.27,166,164,,,,
2026-07-30 12:00:00,12,30,7,3,68.22,75.24,625.21,3.03,3.51,135.54,158,166,,,,
2026-07-30 13:00:00,13,30,7,3,55.39,65.08,525.54,2.55,2.92,130.91,150,158,,,,
2026-07-30 14:00:00,14,30,7,3,49.21,60.08,483.83,2.51,2.64,127.72,135,150,,,,
2026-07-30 15:00:00,15,30,7,3,44.9,57.44,450.6,2.53,2.39,125.35,124,135,,,,
2026-07-30 16:00:00,16,30,7,3,44.94,58.82,431.64,2.72,2.27,124.78,124,124,,,,
2026-07-30 17:00:00,17,30,7,3,46.48,61.4,424.23,3.21,2.23,124.78,128,124,,,,
2026-07-30 18:00:00,18,30,7,3,49.75,65.09,457.74,5.76,2.3,119.68,136,128,,,,
2026-07-30 19:00:00,19,30,7,3,53.96,68.88,518.18,9.16,2.31,108.84,146,136,,,,
2026-07-30 20:00:00,20,30,7,3,57.79,71.78,573.6,10.69,2.24,100.45,152,146,,,,
2026-07-30 21:00:00,21,30,7,3,59.95,71.98,610.16,10.77,2.09,93.04,153,152,,,,
2026-07-30 22:00:00,22,30,7,3,61.32,71.38,637.14,9.98,2.03,90.11,154,153,,,,
2026-07-30 23:00:00,23,30,7,3,61.23,69.62,645.77,8.86,1.98,89.77,154,154,,,,
2026-07-31 00:00:00,0,31,7,4,59.58,66.39,639.71,7.56,1.98,90.67,153,154,,,,
2026-07-31 01:00:00,1,31,7,4,57.52,62.87,636.33,6.35,2.22,91.6,152,153,,,,
2026-07-31 02:00:00,2,31,7,4,55.88,60.05,632.25,5.24,2.92,93.99,151,152,,,,
2026-07-31 03:00:00,3,31,7,4,54.36,57.55,628.46,4.46,3.85,95.46,147,151,,,,
2026-07-31 04:00:00,4,31,7,4,52.04,54.76,645.31,4.22,4.23,94.05,142,147,,,,
2026-07-31 05:00:00,5,31,7,4,49.01,51.41,675.12,4.31,3.92,89.0,134,142,,,,
2026-07-31 06:00:00,6,31,7,4,44.43,46.67,700.33,4.47,3.19,82.31,123,134,,,,
2026-07-31 07:00:00,7,31,7,4,41.7,44.07,728.92,5.19,2.69,77.01,116,123,,,,
2026-07-31 08:00:00,8,31,7,4,41.79,44.32,755.38,6.35,2.41,73.9,116,116,,,,
2026-07-31 09:00:00,9,31,7,4,42.99,45.71,774.42,6.87,2.25,75.16,119,116,,,,
2026-07-31 10:00:00,10,31,7,4,46.14,48.94,785.38,6.57,2.19,78.89,127,119,,,,
2026-07-31 11:00:00,11,31,7,4,51.44,54.15,790.89,5.71,2.25,87.97,140,127,,,,
2026-07-31 12:00:00,12,31,7,4,49.89,52.1,729.91,3.83,2.13,110.39,136,140,,,,
2026-07-31 13:00:00,13,31,7,4,47.39,49.38,679.67,2.99,1.88,121.75,130,136,,,,
2026-07-31 14:00:00,14,31,7,4,48.05,49.89,662.93,2.68,1.84,129.64,132,130,,,,
2026-07-31 15:00:00,15,31,7,4,51.04,52.81,663.36,2.68,1.91,138.3,139,132,,,,
2026-07-31 16:00:00,16,31,7,4,56.47,58.21,669.58,3.14,2.06,144.19,152,139,,,,
2026-07-31 17:00:00,17,31,7,4,59.23,60.93,669.81,3.97,2.16,146.38,153,152,,,,
2026-07-31 18:00:00,18,31,7,4,59.9,61.7,675.85,5.49,2.2,142.54,153,153,,,,
2026-07-31 19:00:00,19,31,7,4,60.37,62.41,687.07,6.97,2.24,133.94,154,153,,,,
2026-07-31 20:00:00,20,31,7,4,59.52,61.74,689.66,7.1,2.21,126.14,153,154,,,,
2026-07-31 21:00:00,21,31,7,4,58.03,60.45,684.35,7.29,2.05,114.91,152,153,,,,
2026-07-31 22:00:00,22,31,7,4,56.56,59.41,691.94,8.07,1.84,101.39,152,152,,,,
2026-07-31 23:00:00,23,31,7,4,53.95,57.24,694.16,8.75,1.63,89.13,146,152,,,,
2026-08-01 00:00:00,0,1,8,5,50.73,54.29,685.11,9.06,1.46,78.38,139,146,,,,
2026-08-01 01:00:00,1,1,8,5,46.83,50.37,667.42,8.61,1.47,70.28,129,139,,,,
2026-08-01 02:00:00,2,1,8,5,41.96,45.25,633.45,7.78,1.65,64.4,117,129,,,,
2026-08-01 03:00:00,3,1,8,5,36.51,39.5,592.64,6.93,1.82,59.87,103,117,,,,
2026-08-01 04:00:00,4,1,8,5,32.1,34.96,568.67,6.55,1.89,54.68,93,103,,,,
2026-08-01 05:00:00,5,1,8,5,28.83,31.5,545.29,6.18,1.91,51.29,86,93,,,,
2026-08-01 06:00:00,6,1,8,5,25.87,28.58,529.83,6.68,1.83,45.85,80,86,,,,
2026-08-01 07:00:00,7,1,8,5,24.81,28.09,558.33,9.28,1.95,37.43,78,80,,,,
2026-08-01 08:00:00,8,1,8,5,25.22,29.14,614.54,13.26,2.36,33.4,79,78,,,,
2026-08-01 09:00:00,9,1,8,5,25.3,29.34,635.93,14.87,2.77,42.22,79,79,,,,
2026-08-01 10:00:00,10,1,8,5,27.67,31.65,611.23,11.71,2.44,55.75,84,79,,,,
2026-08-01 11:00:00,11,1,8,5,36.06,39.56,544.12,7.01,1.95,82.48,102,84,,,,
2026-08-01 12:00:00,12,1,8,5,28.39,29.98,323.0,1.58,1.67,104.57,85,102,,,,
2026-08-01 13:00:00,13,1,8,5,24.11,25.28,267.29,1.13,1.34,102.57,76,85,,,,
2026-08-01 14:00:00,14,1,8,5,23.72,24.82,254.42,1.12,1.26,103.14,75,76,,,,
2026-08-01 15:00:00,15,1,8,5,23.81,25.0,252.08,1.21,1.22,105.27,76,75,,,,
2026-08-01 16:00:00,16,1,8,5,24.42,25.81,254.09,1.4,1.21,107.55,77,76,,,,
2026-08-01 17:00:00,17,1,8,5,25.09,26.7,259.23,1.81,1.23,109.26,78,77,,,,
2026-08-01 18:00:00,18,1,8,5,28.0,30.37,327.98,6.66,1.3,94.47,84,78,,,,
2026-08-01 19:00:00,19,1,8,5,32.56,36.2,440.24,14.09,1.38,71.09,94,84,,,,
2026-08-01 20:00:00,20,1,8,5,37.01,41.96,533.75,18.64,1.4,55.59,105,94,,,,
2026-08-01 21:00:00,21,1,8,5,41.84,47.98,607.78,21.97,1.62,47.41,117,105,,,,
2026-08-01 22:00:00,22,1,8,5,46.39,53.57,670.79,24.77,2.04,43.27,128,117,,,,
2026-08-01 23:00:00,23,1,8,5,49.64,57.52,721.97,27.03,2.33,39.21,136,128,,,,
2026-08-02 00:00:00,0,2,8,6,54.09,62.22,747.75,28.15,2.45,36.04,147,136,,,,
2026-08-02 01:00:00,1,2,8,6,59.46,67.76,765.44,28.1,2.53,34.72,153,147,,,,
2026-08-02 02:00:00,2,2,8,6,65.36,73.77,779.16,27.15,2.59,34.37,156,153,,,,
2026-08-02 03:00:00,3,2,8,6,65.63,73.83,779.02,24.0,2.23,33.56,156,156,,,,
2026-08-02 04:00:00,4,2,8,6,62.61,69.99,778.44,20.93,1.97,32.69,155,156,,,,
2026-08-02 05:00:00,5,2,8,6,62.54,68.72,770.43,18.49,2.08,35.71,155,155,,,,
2026-08-02 06:00:00,6,2,8,6,55.15,59.76,609.63,10.62,2.63,60.69,149,155,,,,
2026-08-02 07:00:00,7,2,8,6,52.27,56.53,581.13,9.35,2.58,60.39,142,149,,,,
2026-08-02 08:00:00,8,2,8,6,51.88,56.15,599.06,8.86,2.5,58.87,141,142,,,,
2026-08-02 09:00:00,9,2,8,6,43.61,46.41,425.98,4.09,3.88,97.24,121,141,,,,
2026-08-02 10:00:00,10,2,8,6,41.99,44.17,373.34,2.35,3.53,113.63,117,121,,,,
2026-08-02 11:00:00,11,2,8,6,42.99,45.01,354.23,1.64,2.95,121.39,119,117,,,,
2026-08-02 12:00:00,12,2,8,6,40.32,42.24,324.21,1.28,2.39,121.28,113,119,,,,
2026-08-02 13:00:00,13,2,8,6,36.42,38.23,298.94,1.18,1.91,116.74,103,113,,,,
2026-08-02 14:00:00,14,2,8,6,34.4,36.19,288.02,1.22,1.67,114.64,98,103,,,,
2026-08-02 15:00:00,15,2,8,6,33.25,35.15,286.25,1.36,1.53,114.89,95,98,,,,
2026-08-02 16:00:00,16,2,8,6,32.72,34.79,289.32,1.67,1.47,116.49,94,95,,,,
2026-08-02 17:00:00,17,2,8,6,32.27,34.5,296.33,2.24,1.45,116.96,93,94,,,,
2026-08-02 18:00:00,18,2,8,6,33.8,36.58,341.86,5.48,1.48,107.58,97,93,,,,
2026-08-02 19:00:00,19,2,8,6,36.69,40.49,412.01,10.17,1.51,91.62,104,97,,,,
2026-08-02 20:00:00,20,2,8,6,39.35,44.29,474.23,13.09,1.51,79.06,110,104,,,,
2026-08-02 21:00:00,21,2,8,6,42.26,48.29,541.18,15.88,1.47,66.76,118,110,,,,
2026-08-02 22:00:00,22,2,8,6,46.11,53.17,621.49,18.85,1.41,54.37,127,118,,,,
2026-08-02 23:00:00,23,2,8,6,49.69,57.48,691.73,21.19,1.34,44.31,136,127,,,,
2026-08-03 00:00:00,0,3,8,0,52.35,60.44,739.1,22.41,1.24,36.98,142,136,,,,
2026-08-03 01:00:00,1,3,8,0,55.24,63.58,778.83,22.82,1.2,32.35,150,142,,,,
2026-08-03 02:00:00,2,3,8,0,58.31,66.83,811.59,22.5,1.22,29.11,152,150,,,,
2026-08-03 03:00:00,3,3,8,0,61.08,69.52,833.46,21.4,1.28,27.41,154,152,,,,
2026-08-03 04:00:00,4,3,8,0,63.1,70.78,847.83,19.45,1.53,28.01,155,154,,,,
2026-08-03 05:00:00,5,3,8,0,63.81,70.0,839.26,16.97,2.18,34.48,155,155,,,,
2026-08-03 06:00:00,6,3,8,0,55.92,59.76,577.88,7.13,4.06,89.6,151,155,,,,
2026-08-03 07:00:00,7,3,8,0,52.66,56.03,522.76,6.06,3.57,95.55,143,151,,,,
2026-08-03 08:00:00,8,3,8,0,50.23,53.64,527.31,7.28,3.0,91.12,137,143,,,,
2026-08-03 09:00:00,9,3,8,0,47.94,51.49,534.86,7.79,2.5,89.39,132,137,,,,
2026-08-03 10:00:00,10,3,8,0,46.42,50.36,523.87,6.45,2.11,96.69,128,132,,,,
2026-08-03 11:00:00,11,3,8,0,47.8,52.31,503.88,4.26,1.83,113.65,131,128,,,,
2026-08-03 12:00:00,12,3,8,0,47.32,52.76,462.82,2.88,1.48,128.46,130,131,,,,
2026-08-03 13:00:00,13,3,8,0,51.26,57.32,479.85,3.65,1.35,130.3,140,130,,,,
2026-08-03 14:00:00,14,3,8,0,57.19,63.87,517.33,5.1,1.4,132.12,152,140,,,,
2026-08-03 15:00:00,15,3,8,0,60.71,67.44,550.15,6.35,1.46,133.86,154,152,,,,
2026-08-03 16:00:00,16,3,8,0,59.56,65.89,550.36,6.59,1.43,132.27,153,154,,,,
2026-08-03 17:00:00,17,3,8,0,55.77,61.78,527.07,6.19,1.43,132.67,151,153,,,,
2026-08-03 18:00:00,18,3,8,0,50.75,56.69,510.13,6.35,1.38,128.99,139,151,,,,
2026-08-03 19:00:00,19,3,8,0,53.5,59.95,555.65,9.02,1.44,117.93,145,139,,,,
2026-08-03 20:00:00,20,3,8,0,57.88,64.84,608.06,10.32,1.48,108.67,152,145,,,,
2026-08-03 21:00:00,21,3,8,0,63.8,71.0,665.11,11.19,1.54,99.17,155,152,,,,
2026-08-03 22:00:00,22,3,8,0,70.99,78.46,733.11,12.22,1.63,89.51,159,155,,,,
2026-08-03 23:00:00,23,3,8,0,77.49,85.2,795.98,13.19,1.7,80.76,162,159,,,,
2026-08-04 00:00:00,0,4,8,1,81.8,89.36,847.56,14.05,1.93,71.24,165,162,,,,
2026-08-04 01:00:00,1,4,8,1,84.71,91.84,893.28,14.46,2.31,62.87,166,165,,,,
2026-08-04 02:00:00,2,4,8,1,86.41,93.08,925.75,14.3,2.74,56.76,167,166,,,,
2026-08-04 03:00:00,3,4,8,1,86.3,92.32,927.34,13.43,2.88,53.38,167,167,,,,
2026-08-04 04:00:00,4,4,8,1,84.48,90.01,915.49,11.98,2.67,53.58,166,167,,,,
2026-08-04 05:00:00,5,4,8,1,81.24,86.28,881.29,10.1,2.55,58.68,164,166,,,,
2026-08-04 06:00:00,6,4,8,1,75.56,80.28,824.59,7.84,2.47,69.76,161,164,,,,
2026-08-04 07:00:00,7,4,8,1,73.69,78.84,814.52,7.58,2.23,71.44,160,161,,,,
2026-08-04 08:00:00,8,4,8,1,73.24,79.3,825.46,8.12,2.09,73.19,160,160,,,,
2026-08-04 09:00:00,9,4,8,1,68.87,76.18,779.77,6.58,2.01,93.55,158,160,,,,
2026-08-04 10:00:00,10,4,8,1,72.96,81.0,764.28,5.05,2.04,116.16,160,158,,,,
2026-08-04 11:00:00,11,4,8,1,83.57,92.05,761.63,3.63,2.05,141.37,165,160,,,,
2026-08-04 12:00:00,12,4,8,1,52.24,58.62,573.01,1.75,1.44,145.48,142,165,,,,
2026-08-04 13:00:00,13,4,8,1,36.88,42.19,483.03,1.27,1.0,138.86,104,142,,,,
2026-08-04 14:00:00,14,4,8,1,34.0,39.45,456.64,1.24,0.87,136.84,97,104,,,,
2026-08-04 15:00:00,15,4,8,1,32.25,38.29,439.54,1.31,0.8,136.16,93,97,,,,
2026-08-04 16:00:00,16,4,8,1,30.57,37.34,424.02,1.51,0.76,134.27,90,93,,,,
2026-08-04 17:00:00,17,4,8,1,29.18,36.76,413.51,1.95,0.76,132.24,87,90,,,,
2026-08-04 18:00:00,18,4,8,1,30.68,39.58,475.94,6.95,0.92,116.26,90,87,,,,
2026-08-04 19:00:00,19,4,8,1,34.75,45.46,588.83,14.43,1.17,93.18,99,90,,,,
2026-08-04 20:00:00,20,4,8,1,39.81,52.28,689.9,18.84,1.34,78.7,112,99,,,,
2026-08-04 21:00:00,21,4,8,1,45.62,59.08,779.17,21.54,1.45,69.49,126,112,,,,
2026-08-04 22:00:00,22,4,8,1,51.36,65.37,861.15,23.2,1.49,61.66,140,126,,,,
2026-08-04 23:00:00,23,4,8,1,55.87,70.15,933.36,24.52,1.45,53.94,151,140,,,,
2026-08-05 00:00:00,0,5,8,2,59.01,72.82,979.22,24.92,1.32,47.04,153,151,,,,
2026-08-05 01:00:00,1,5,8,2,61.79,74.2,1016.21,23.86,1.27,41.23,154,153,,,,
2026-08-05 02:00:00,2,5,8,2,63.68,73.85,1035.22,21.24,1.4,39.9,155,154,,,,
2026-08-05 03:00:00,3,5,8,2,57.2,63.97,878.11,12.64,1.87,69.07,152,155,,,,
2026-08-05 04:00:00,4,5,8,2,55.29,60.71,839.99,10.44,1.94,71.1,150,152,,,,
2026-08-05 05:00:00,5,5,8,2,55.14,59.97,837.83,9.94,1.92,66.94,149,150,,,,
2026-08-05 06:00:00,6,5,8,2,55.01,59.95,841.09,9.89,1.66,62.42,149,149,,,,
2026-08-05 07:00:00,7,5,8,2,54.71,60.44,855.74,10.81,1.51,57.64,148,149,,,,
2026-08-05 08:00:00,8,5,8,2,54.97,61.81,885.6,11.14,1.61,59.14,149,148,,,,
2026-08-05 09:00:00,9,5,8,2,44.64,59.46,606.75,4.6,2.15,105.92,124,149,,,,
2026-08-05 10:00:00,10,5,8,2,42.83,60.96,510.55,2.62,2.11,120.04,119,124,,,,
2026-08-05 11:00:00,11,5,8,2,45.09,63.79,484.2,1.92,2.01,127.9,125,119,,,,
2026-08-05 12:00:00,12,5,8,2,46.71,65.69,463.13,1.57,1.91,132.42,129,125,,,,
2026-08-05 13:00:00,13,5,8,2,45.99,64.62,439.37,1.41,1.75,133.47,127,129,,,,
2026-08-05 14:00:00,14,5,8,2,44.89,62.94,422.0,1.38,1.63,133.66,124,127,,,,
2026-08-05 15:00:00,15,5,8,2,44.59,62.66,413.97,1.48,1.57,134.68,123,124,,,,
2026-08-05 16:00:00,16,5,8,2,44.55,63.01,410.62,1.8,1.56,134.98,123,123,,,,
2026-08-05 17:00:00,17,5,8,2,44.32,63.37,410.88,2.47,1.6,134.15,123,123,,,,
2026-08-05 18:00:00,18,5,8,2,45.56,65.22,438.29,4.74,1.71,129.5,126,123,,,,
2026-08-05 19:00:00,19,5,8,2,48.17,68.01,487.83,7.86,1.87,121.43,132,126,,,,
2026-08-05 20:00:00,20,5,8,2,50.72,70.36,535.68,9.47,2.03,114.43,138,132,,,,
2026-08-05 21:00:00,21,5,8,2,53.31,71.9,586.08,10.47,2.2,106.96,145,138,,,,
2026-08-05 22:00:00,22,5,8,2,57.34,75.01,646.03,11.26,2.43,99.71,152,145,,,,
2026-08-05 23:00:00,23,5,8,2,61.99,79.58,694.98,11.72,2.66,92.78,154,152,,,,
2026-08-06 00:00:00,0,6,8,3,65.66,81.49,734.46,12.13,3.25,83.72,156,154,,,,
2026-08-06 01:00:00,1,6,8,3,70.34,82.82,780.94,12.08,3.71,75.38,159,156,,,,
2026-08-06 02:00:00,2,6,8,3,75.64,85.29,822.41,11.38,3.75,68.7,161,159,,,,
2026-08-06 03:00:00,3,6,8,3,79.34,86.55,841.97,10.23,3.33,63.63,163,161,,,,
2026-08-06 04:00:00,4,6,8,3,79.7,85.48,863.76,9.49,3.08,60.15,163,163,,,,
2026-08-06 05:00:00,5,6,8,3,76.06,80.78,879.46,9.0,3.24,57.76,162,163,,,,
2026-08-06 06:00:00,6,6,8,3,66.82,70.93,853.81,7.26,4.32,67.88,157,162,,,,
2026-08-06 07:00:00,7,6,8,3,64.08,68.04,863.42,7.36,4.46,68.66,155,157,,,,
2026-08-06 08:00:00,8,6,8,3,64.85,69.12,879.75,7.82,4.24,70.88,156,155,,,,
2026-08-06 09:00:00,9,6,8,3,68.06,73.1,862.35,7.03,4.2,87.13,157,156,,,,
2026-08-06 10:00:00,10,6,8,3,75.42,81.73,820.3,5.78,4.34,107.94,161,157,,,,
2026-08-06 11:00:00,11,6,8,3,81.61,89.55,764.56,4.45,4.56,127.06,164,161,,,,
2026-08-06 12:00:00,12,6,8,3,64.97,84.32,528.86,2.66,4.09,128.44,156,164,,,,
2026-08-06 13:00:00,13,6,8,3,58.74,83.39,441.04,2.01,3.38,127.62,153,156,,,,
2026-08-06 14:00:00,14,6,8,3,57.87,84.83,408.3,1.77,2.98,130.5,152,153,,,,
2026-08-06 15:00:00,15,6,8,3,55.27,84.66,378.17,1.66,2.54,131.1,150,152,,,,
2026-08-06 16:00:00,16,6,8,3,52.0,81.79,354.83,1.8,2.2,129.46,142,150,,,,
2026-08-06 17:00:00,17,6,8,3,50.23,79.95,346.02,2.31,2.07,128.24,137,142,,,,
2026-08-06 18:00:00,18,6,8,3,51.91,81.68,370.47,4.32,2.16,124.42,141,137,,,,
2026-08-06 19:00:00,19,6,8,3,57.53,86.9,424.78,7.15,2.43,118.67,152,141,,,,
2026-08-06 20:00:00,20,6,8,3,64.27,92.87,481.71,8.64,2.75,114.74,156,152,,,,
2026-08-06 21:00:00,21,6,8,3,71.26,98.19,545.45,9.8,3.04,108.9,159,156,,,,
2026-08-06 22:00:00,22,6,8,3,77.02,102.28,609.78,11.02,3.22,100.69,162,159,,,,
2026-08-06 23:00:00,23,6,8,3,80.51,104.44,658.79,11.89,3.28,92.63,164,162,,,,
2026-08-07 00:00:00,0,7,8,4,80.45,101.55,684.23,12.05,5.05,84.99,164,164,,,,
2026-08-07 01:00:00,1,7,8,4,80.19,97.14,710.84,11.6,6.83,78.41,164,164,,,,
2026-08-07 02:00:00,2,7,8,4,79.87,92.51,730.86,10.56,7.22,73.29,164,164,,,,
2026-08-07 03:00:00,3,7,8,4,80.3,90.65,733.08,9.2,5.68,69.95,164,164,,,,
2026-08-07 04:00:00,4,7,8,4,83.33,93.03,751.38,8.83,4.43,65.64,165,164,,,,
2026-08-07 05:00:00,5,7,8,4,86.03,95.3,769.0,8.79,3.62,62.25,167,165,,,,
2026-08-07 06:00:00,6,7,8,4,87.15,95.88,781.92,8.81,3.06,60.12,167,167,,,,
2026-08-07 07:00:00,7,7,8,4,86.56,95.06,793.52,9.3,2.67,58.71,167,167,,,,
2026-08-07 08:00:00,8,7,8,4,85.88,94.51,813.2,9.79,2.43,59.67,167,167,,,,
2026-08-07 09:00:00,9,7,8,4,86.23,94.94,801.77,7.92,2.59,78.45,167,167,,,,
2026-08-07 10:00:00,10,7,8,4,91.54,100.15,799.19,5.94,2.49,102.36,170,167,,,,
2026-08-07 11:00:00,11,7,8,4,102.62,111.03,797.28,3.95,2.35,130.87,175,170,,,,
2026-08-07 12:00:00,12,7,8,4,99.27,107.28,717.18,2.23,2.39,152.11,174,175,,,,
2026-08-07 13:00:00,13,7,8,4,99.63,107.09,683.67,1.89,2.21,159.36,174,174,,,,
2026-08-07 14:00:00,14,7,8,4,102.52,109.38,682.26,1.94,2.05,164.01,175,174,,,,
2026-08-07 15:00:00,15,7,8,4,101.75,108.48,670.89,2.13,1.96,167.8,175,175,,,,
2026-08-07 16:00:00,16,7,8,4,102.22,109.04,668.16,2.61,1.92,168.75,175,175,,,,
2026-08-07 17:00:00,17,7,8,4,103.21,110.28,673.37,3.56,1.94,167.99,176,175,,,,
2026-08-07 18:00:00,18,7,8,4,107.41,115.18,752.84,9.44,1.97,147.27,178,176,,,,
2026-08-07 19:00:00,19,7,8,4,113.89,122.8,876.01,16.9,1.97,117.93,181,178,,,,
2026-08-07 20:00:00,20,7,8,4,120.43,130.6,977.21,20.66,1.94,98.85,185,181,,,,
2026-08-07 21:00:00,21,7,8,4,126.72,137.73,1059.66,23.38,2.16,86.48,188,185,,,,
2026-08-07 22:00:00,22,7,8,4,134.8,146.6,1149.85,26.06,2.69,78.53,192,188,,,,
2026-08-07 23:00:00,23,7,8,4,145.75,158.13,1225.6,28.33,3.09,71.33,198,192,,,,
2026-08-08 00:00:00,0,8,8,5,155.32,167.85,1276.36,29.49,3.26,64.67,206,198,,,,
2026-08-08 01:00:00,1,8,8,5,163.91,176.45,1312.06,29.06,3.31,58.41,214,206,,,,
2026-08-08 02:00:00,2,8,8,5,172.21,184.59,1343.81,27.71,3.18,51.91,223,214,,,,
2026-08-08 03:00:00,3,8,8,5,172.17,184.04,1361.72,25.6,2.39,44.02,222,223,,,,
2026-08-08 04:00:00,4,8,8,5,169.32,180.78,1374.51,24.13,1.98,39.71,220,222,,,,
2026-08-08 05:00:00,5,8,8,5,168.07,179.25,1388.66,23.48,1.84,38.28,218,220,,,,
2026-08-08 06:00:00,6,8,8,5,165.81,176.72,1405.78,22.92,1.73,37.04,216,218,,,,
2026-08-08 07:00:00,7,8,8,5,159.04,169.93,1427.19,22.17,1.66,36.28,209,216,,,,
2026-08-08 08:00:00,8,8,8,5,158.34,169.16,1436.44,20.15,1.78,46.76,209,209,,,,
2026-08-08 09:00:00,9,8,8,5,107.03,116.52,771.29,3.81,5.0,156.36,178,209,,,,
2026-08-08 10:00:00,10,8,8,5,86.75,96.21,655.48,2.02,4.38,157.68,167,178,,,,
2026-08-08 11:00:00,11,8,8,5,81.1,89.97,639.09,1.59,4.08,158.84,164,167,,,,
2026-08-08 12:00:00,12,8,8,5,78.77,87.18,635.7,1.42,3.86,161.35,163,164,,,,
2026-08-08 13:00:00,13,8,8,5,78.18,86.05,634.59,1.43,3.71,162.5,163,163,,,,
2026-08-08 14:00:00,14,8,8,5,78.72,85.81,641.45,1.51,3.61,164.49,163,163,,,,
2026-08-08 15:00:00,15,8,8,5,82.92,89.26,668.84,1.95,3.59,167.92,165,163,,,,
2026-08-08 16:00:00,16,8,8,5,90.98,96.58,714.15,2.94,3.61,169.82,169,165,,,,
2026-08-08 17:00:00,17,8,8,5,95.27,100.1,752.17,4.3,3.5,168.01,172,169,,,,
2026-08-08 18:00:00,18,8,8,5,96.47,100.81,787.24,6.45,3.23,159.01,172,172,,,,
2026-08-08 19:00:00,19,8,8,5,97.77,102.03,824.13,8.32,2.94,145.6,173,172,,,,
2026-08-08 20:00:00,20,8,8,5,97.79,102.1,847.85,8.58,2.68,135.12,173,173,,,,
2026-08-08 21:00:00,21,8,8,5,95.58,99.96,861.86,9.16,2.29,121.35,172,173,,,,
2026-08-08 22:00:00,22,8,8,5,93.7,98.43,886.92,10.55,1.93,104.31,171,172,,,,
2026-08-08 23:00:00,23,8,8,5,91.92,97.01,909.37,11.9,1.7,89.65,170,171,,,,
2026-08-09 00:00:00,0,9,8,6,89.48,94.69,918.73,12.79,1.54,77.36,169,170,,,,
2026-08-09 01:00:00,1,9,8,6,86.88,92.14,923.02,12.95,1.44,67.83,167,169,,,,
2026-08-09 02:00:00,2,9,8,6,83.74,89.09,921.93,12.95,1.35,59.08,166,167,,,,
2026-08-09 03:00:00,3,9,8,6,80.45,85.94,919.39,13.04,1.3,50.88,164,166,,,,
2026-08-09 04:00:00,4,9,8,6,77.91,83.6,920.82,13.17,1.27,44.19,163,164,,,,
2026-08-09 05:00:00,5,9,8,6,75.32,81.23,914.8,12.97,1.35,40.24,161,163,,,,
2026-08-09 06:00:00,6,9,8,6,70.8,76.83,878.11,11.58,1.84,41.32,159,161,,,,
2026-08-09 07:00:00,7,9,8,6,66.51,72.68,841.28,10.65,2.45,44.27,157,159,,,,
2026-08-09 08:00:00,8,9,8,6,63.45,69.74,803.85,9.59,3.04,52.21,155,157,,,,
2026-08-09 09:00:00,9,9,8,6,45.69,50.65,604.28,4.7,3.82,87.91,126,155,,,,
2026-08-09 10:00:00,10,9,8,6,36.77,40.36,524.1,3.06,3.29,98.34,104,126,,,,
2026-08-09 11:00:00,11,9,8,6,34.8,37.88,490.23,2.24,2.93,105.62,99,104,,,,
2026-08-09 12:00:00,12,9,8,6,29.51,32.06,448.79,1.61,2.2,109.85,88,99,,,,
2026-08-09 13:00:00,13,9,8,6,24.15,26.26,414.83,1.32,1.6,109.96,76,88,,,,
2026-08-09 14:00:00,14,9,8,6,22.31,24.22,398.67,1.26,1.35,111.06,72,76,,,,
2026-08-09 15:00:00,15,9,8,6,21.74,23.61,392.3,1.31,1.22,113.7,71,72,,,,
2026-08-09 16:00:00,16,9,8,6,21.54,23.47,389.03,1.53,1.17,115.6,71,71,,,,
2026-08-09 17:00:00,17,9,8,6,21.23,23.24,389.74,1.96,1.18,116.23,70,71,,,,
2026-08-09 18:00:00,18,9,8,6,22.88,25.49,449.74,6.62,1.26,99.92,74,70,,,,
2026-08-09 19:00:00,19,9,8,6,26.12,29.84,549.2,13.58,1.37,75.25,80,74,,,,
2026-08-09 20:00:00,20,9,8,6,29.34,34.19,633.51,17.8,1.41,58.31,87,80,,,,
2026-08-09 21:00:00,21,9,8,6,32.45,38.26,700.05,20.71,1.49,47.12,94,87,,,,
2026-08-09 22:00:00,22,9,8,6,35.68,42.43,761.63,23.32,1.77,40.23,101,94,,,,
2026-08-09 23:00:00,23,9,8,6,38.42,45.9,817.32,26.11,2.06,35.58,108,101,,,,
2026-08-10 00:00:00,0,10,8,0,40.44,48.19,856.25,28.41,2.26,32.75,113,108,,,,
2026-08-10 01:00:00,1,10,8,0,44.04,52.07,889.08,29.84,2.44,30.69,122,113,,,,
2026-08-10 02:00:00,2,10,8,0,49.14,57.49,920.62,30.83,2.63,28.52,135,122,,,,
2026-08-10 03:00:00,3,10,8,0,53.9,62.53,946.29,31.25,2.77,26.43,146,135,,,,
2026-08-10 04:00:00,4,10,8,0,57.89,66.77,963.41,30.9,2.81,24.94,152,146,,,,
2026-08-10 05:00:00,5,10,8,0,61.24,70.35,981.9,29.83,2.69,25.15,154,152,,,,
2026-08-10 06:00:00,6,10,8,0,56.78,66.04,986.85,26.45,2.06,29.1,152,154,,,,
2026-08-10 07:00:00,7,10,8,0,55.95,65.47,1021.29,23.07,1.81,29.27,151,152,,,,
2026-08-10 08:00:00,8,10,8,0,58.27,68.12,1057.71,18.78,1.85,36.11,152,151,,,,
2026-08-10 09:00:00,9,10,8,0,45.1,53.19,670.11,6.98,3.71,107.8,125,152,,,,
2026-08-10 10:00:00,10,10,8,0,46.99,54.74,599.15,3.81,3.76,133.69,129,125,,,,
2026-08-10 11:00:00,11,10,8,0,55.05,62.87,593.95,2.69,3.74,151.99,149,129,,,,
2026-08-10 12:00:00,12,10,8,0,52.4,59.42,539.98,1.82,3.19,155.09,143,149,,,,
2026-08-10 13:00:00,13,10,8,0,47.61,54.18,494.33,1.49,2.62,151.37,131,143,,,,
2026-08-10 14:00:00,14,10,8,0,47.35,54.08,481.64,1.51,2.4,151.91,130,131,,,,
2026-08-10 15:00:00,15,10,8,0,48.03,55.23,481.7,1.68,2.29,154.73,132,130,,,,
2026-08-10 16:00:00,16,10,8,0,48.92,56.3,486.19,2.04,2.22,156.98,134,132,,,,
2026-08-10 17:00:00,17,10,8,0,49.78,57.11,495.94,2.76,2.22,158.25,136,134,,,,
2026-08-10 18:00:00,18,10,8,0,52.36,59.81,552.1,6.54,2.26,147.25,143,136,,,,
2026-08-10 19:00:00,19,10,8,0,56.64,64.52,640.59,11.49,2.31,128.28,152,143,,,,
2026-08-10 20:00:00,20,10,8,0,61.77,70.24,723.62,14.02,2.36,115.31,154,152,,,,
2026-08-10 21:00:00,21,10,8,0,67.62,76.61,809.65,16.29,2.34,101.34,157,154,,,,
2026-08-10 22:00:00,22,10,8,0,74.0,83.64,911.51,18.96,2.23,84.98,161,157,,,,
2026-08-10 23:00:00,23,10,8,0,79.32,89.43,1004.39,21.27,2.06,70.77,163,161,,,,
2026-08-11 00:00:00,0,11,8,1,82.74,92.8,1062.54,22.26,1.89,61.22,165,163,,,,
2026-08-11 01:00:00,1,11,8,1,85.85,95.69,1100.47,21.79,1.88,57.63,167,165,,,,
2026-08-11 02:00:00,2,11,8,1,88.68,98.23,1125.77,20.62,2.02,57.2,168,167,,,,
2026-08-11 03:00:00,3,11,8,1,90.62,99.82,1136.86,19.17,2.2,57.11,169,168,,,,
2026-08-11 04:00:00,4,11,8,1,92.74,101.61,1146.43,17.89,2.18,54.24,170,169,,,,
2026-08-11 05:00:00,5,11,8,1,94.99,103.62,1153.32,16.51,2.15,51.51,171,170,,,,
2026-08-11 06:00:00,6,11,8,1,97.18,105.67,1157.61,14.92,2.19,49.27,173,171,,,,
2026-08-11 07:00:00,7,11,8,1,99.7,108.42,1184.71,15.01,2.36,45.9,174,173,,,,
2026-08-11 08:00:00,8,11,8,1,101.72,110.85,1221.75,15.32,2.67,48.55,175,174,,,,
2026-08-11 09:00:00,9,11,8,1,83.19,91.61,896.53,6.85,4.09,103.64,165,175,,,,
2026-08-11 10:00:00,10,11,8,1,75.53,84.07,811.19,4.75,3.58,120.07,161,165,,,,
2026-08-11 11:00:00,11,11,8,1,75.63,83.72,791.31,3.48,3.3,135.71,161,161,,,,
2026-08-11 12:00:00,12,11,8,1,74.97,83.59,744.93,2.44,2.95,150.41,161,161,,,,
2026-08-11 13:00:00,13,11,8,1,70.66,81.27,685.5,2.06,2.54,153.83,159,161,,,,
2026-08-11 14:00:00,14,11,8,1,67.34,78.36,661.93,2.1,2.37,154.69,157,159,,,,
2026-08-11 15:00:00,15,11,8,1,63.99,74.99,656.99,2.38,2.3,155.86,155,157,,,,
2026-08-11 16:00:00,16,11,8,1,60.53,71.03,658.09,2.98,2.37,154.4,154,155,,,,
2026-08-11 17:00:00,17,11,8,1,55.92,65.35,663.13,3.8,2.49,151.82,151,154,,,,
2026-08-11 18:00:00,18,11,8,1,54.48,62.8,691.02,5.21,2.78,147.09,148,151,,,,
2026-08-11 19:00:00,19,11,8,1,57.14,64.61,734.72,6.77,3.29,140.47,152,148,,,,
2026-08-11 20:00:00,20,11,8,1,59.28,66.02,777.34,7.39,3.88,134.22,153,152,,,,
2026-08-11 21:00:00,21,11,8,1,60.23,66.2,812.64,7.43,4.68,126.48,153,153,,,,
2026-08-11 22:00:00,22,11,8,1,62.1,67.65,858.5,7.54,5.64,117.51,154,153,,,,
2026-08-11 23:00:00,23,11,8,1,65.09,70.59,905.23,7.96,6.49,105.64,156,154,,,,
2026-08-12 00:00:00,0,12,8,2,65.63,70.79,936.09,8.15,7.19,93.85,156,156,,,,
2026-08-12 01:00:00,1,12,8,2,64.61,69.23,977.79,8.53,7.08,82.29,156,156,,,,
2026-08-12 02:00:00,2,12,8,2,64.48,68.57,1018.32,8.92,6.53,71.9,156,156,,,,
2026-08-12 03:00:00,3,12,8,2,63.42,66.92,1035.42,8.92,5.72,64.13,155,156,,,,
2026-08-12 04:00:00,4,12,8,2,62.07,65.02,1046.48,8.8,4.91,58.85,154,155,,,,
2026-08-12 05:00:00,5,12,8,2,60.28,62.77,1052.16,8.7,4.15,54.48,153,154,,,,
2026-08-12 06:00:00,6,12,8,2,58.8,61.05,1041.08,8.6,3.49,50.16,153,153,,,,
2026-08-12 07:00:00,7,12,8,2,62.22,64.55,1026.11,8.93,3.09,47.7,154,153,,,,
2026-08-12 08:00:00,8,12,8,2,66.13,68.63,1002.42,8.86,2.81,54.06,156,154,,,,
2026-08-12 09:00:00,9,12,8,2,63.87,66.42,920.73,6.88,2.43,79.4,155,156,,,,
2026-08-12 10:00:00,10,12,8,2,65.1,67.75,874.25,5.18,2.24,105.39,156,155,,,,
2026-08-12 11:00:00,11,12,8,2,68.8,71.64,851.46,3.85,2.2,128.28,158,156,,,,
2026-08-12 12:00:00,12,12,8,2,64.67,67.61,828.77,2.9,2.06,143.16,156,158,,,,
2026-08-12 13:00:00,13,12,8,2,60.42,63.64,799.55,2.42,1.84,149.82,154,156,,,,
2026-08-12 14:00:00,14,12,8,2,60.03,63.8,775.8,2.24,1.74,155.03,153,154,,,,
2026-08-12 15:00:00,15,12,8,2,59.05,63.61,758.3,2.33,1.68,157.53,153,153,,,,
2026-08-12 16:00:00,16,12,8,2,56.27,61.52,746.31,2.89,1.63,154.12,151,153,,,,
2026-08-12 17:00:00,17,12,8,2,52.99,58.56,747.54,3.86,1.57,148.59,144,151,,,,
2026-08-12 18:00:00,18,12,8,2,53.32,59.63,822.04,9.44,1.59,125.36,145,144,,,,
2026-08-12 19:00:00,19,12,8,2,57.53,65.22,941.89,16.51,1.66,95.39,152,145,,,,
2026-08-12 20:00:00,20,12,8,2,62.04,71.18,1039.78,20.73,1.71,74.93,154,152,,,,
2026-08-12 21:00:00,21,12,8,2,65.54,75.93,1112.18,23.45,1.94,62.89,156,154,,,,
2026-08-12 22:00:00,22,12,8,2,68.83,80.4,1176.82,25.9,2.37,56.91,158,156,,,,
2026-08-12 23:00:00,23,12,8,2,71.77,84.22,1236.95,28.3,2.68,51.56,159,158,,,,
2026-08-13 00:00:00,0,13,8,3,75.94,88.9,1277.09,29.89,2.79,47.08,162,159,,,,
2026-08-13 01:00:00,1,13,8,3,81.98,95.55,1309.18,30.61,2.84,42.62,165,162,,,,
2026-08-13 02:00:00,2,13,8,3,86.69,100.96,1341.33,31.15,2.87,37.54,167,165,,,,
2026-08-13 03:00:00,3,13,8,3,87.49,102.33,1357.55,30.19,2.5,31.56,168,167,,,,
2026-08-13 04:00:00,4,13,8,3,83.44,98.45,1376.55,28.76,1.88,26.93,165,168,,,,
2026-08-13 05:00:00,5,13,8,3,80.8,95.41,1391.57,27.88,1.54,25.27,164,165,,,,
2026-08-13 06:00:00,6,13,8,3,74.93,88.0,1292.07,20.82,1.65,38.99,161,164,,,,
2026-08-13 07:00:00,7,13,8,3,71.04,83.17,1236.58,17.57,1.9,46.11,159,161,,,,
2026-08-13 08:00:00,8,13,8,3,68.8,80.44,1198.64,16.11,2.34,56.11,158,159,,,,
2026-08-13 09:00:00,9,13,8,3,50.44,61.93,821.55,5.31,2.2,118.84,138,158,,,,
2026-08-13 10:00:00,10,13,8,3,42.41,53.5,711.27,2.97,1.54,128.75,118,138,,,,
2026-08-13 11:00:00,11,13,8,3,39.65,50.73,672.63,2.26,1.35,132.19,111,118,,,,
2026-08-13 12:00:00,12,13,8,3,38.56,50.08,651.5,1.85,1.22,136.35,109,111,,,,
2026-08-13 13:00:00,13,13,8,3,37.92,49.81,618.03,1.58,1.07,138.37,107,109,,,,
2026-08-13 14:00:00,14,13,8,3,38.22,50.39,596.58,1.47,0.97,139.96,108,107,,,,
2026-08-13 15:00:00,15,13,8,3,38.81,51.67,584.4,1.49,0.88,141.69,109,108,,,,
2026-08-13 16:00:00,16,13,8,3,37.88,51.22,563.7,1.65,0.81,141.18,107,109,,,,
2026-08-13 17:00:00,17,13,8,3,36.97,50.71,550.89,2.05,0.78,139.97,105,107,,,,
2026-08-13 18:00:00,18,13,8,3,39.01,53.38,617.06,7.44,0.96,123.79,110,105,,,,
2026-08-13 19:00:00,19,13,8,3,43.49,58.86,734.45,14.73,1.27,100.83,121,110,,,,
2026-08-13 20:00:00,20,13,8,3,48.3,64.78,835.93,18.69,1.5,86.1,133,121,,,,
2026-08-13 21:00:00,21,13,8,3,53.47,70.52,921.15,21.03,1.64,76.24,145,133,,,,
2026-08-13 22:00:00,22,13,8,3,58.31,75.99,998.54,22.22,1.67,69.01,152,145,,,,
2026-08-13 23:00:00,23,13,8,3,61.0,79.65,1042.36,22.58,1.59,63.46,154,152,,,,
2026-08-14 00:00:00,0,14,8,4,60.2,79.55,1015.49,21.01,1.44,60.0,153,154,,,,
2026-08-14 01:00:00,1,14,8,4,57.87,78.34,943.57,17.65,1.37,59.58,152,153,,,,
2026-08-14 02:00:00,2,14,8,4,54.83,77.85,842.78,13.61,1.49,62.01,149,152,,,,
2026-08-14 03:00:00,3,14,8,4,53.15,79.06,763.61,11.81,1.6,59.43,144,149,,,,
2026-08-14 04:00:00,4,14,8,4,54.54,81.43,764.96,13.21,1.52,49.32,148,144,,,,
2026-08-14 05:00:00,5,14,8,4,57.57,84.32,811.78,15.83,1.49,39.76,152,148,,,,
2026-08-14 06:00:00,6,14,8,4,61.09,85.93,888.07,18.34,1.44,31.34,154,152,,,,
2026-08-14 07:00:00,7,14,8,4,64.7,87.33,983.83,19.62,1.42,24.33,156,154,,,,
2026-08-14 08:00:00,8,14,8,4,68.78,89.34,1093.13,18.25,1.5,25.13,158,156,,,,
2026-08-14 09:00:00,9,14,8,4,63.57,86.53,844.88,8.79,3.25,75.61,155,158,,,,
2026-08-14 10:00:00,10,14,8,4,69.4,89.14,809.35,5.74,3.31,107.35,158,155,,,,
2026-08-14 11:00:00,11,14,8,4,79.07,96.75,782.33,3.58,3.21,135.77,163,158,,,,
2026-08-14 12:00:00,12,14,8,4,64.58,84.39,581.89,1.77,3.07,137.49,156,163,,,,
2026-08-14 13:00:00,13,14,8,4,57.69,75.82,521.86,1.44,2.55,136.63,152,156,,,,
2026-08-14 14:00:00,14,14,8,4,56.57,72.94,512.3,1.53,2.32,138.32,152,152,,,,
2026-08-14 15:00:00,15,14,8,4,58.33,73.37,521.72,2.1,2.3,142.38,152,152,,,,
2026-08-14 16:00:00,16,14,8,4,63.55,77.23,558.11,3.42,2.37,144.87,155,152,,,,
2026-08-14 17:00:00,17,14,8,4,69.78,82.17,609.26,5.47,2.48,143.26,158,155,,,,
2026-08-14 18:00:00,18,14,8,4,76.22,87.27,667.12,7.75,2.54,138.33,162,158,,,,
2026-08-14 19:00:00,19,14,8,4,83.76,93.72,732.55,9.12,2.57,134.88,166,162,,,,
2026-08-14 20:00:00,20,14,8,4,91.71,100.59,791.45,9.01,2.61,133.98,170,166,,,,
2026-08-14 21:00:00,21,14,8,4,99.51,107.01,839.71,8.23,2.71,133.59,174,170,,,,
2026-08-14 22:00:00,22,14,8,4,105.52,112.1,874.02,7.44,2.9,134.56,177,174,,,,
2026-08-14 23:00:00,23,14,8,4,107.86,114.04,885.51,6.87,3.1,134.39,178,177,,,,
2026-08-15 00:00:00,0,15,8,5,109.83,115.87,907.28,7.64,2.96,124.65,179,178,,,,
2026-08-15 01:00:00,1,15,8,5,113.52,119.36,951.61,8.64,2.7,109.64,181,179,,,,
2026-08-15 02:00:00,2,15,8,5,116.65,122.14,982.6,8.91,2.82,99.33,183,181,,,,
2026-08-15 03:00:00,3,15,8,5,118.04,123.15,993.47,8.72,2.78,92.34,183,183,,,,
2026-08-15 04:00:00,4,15,8,5,115.34,120.1,988.18,7.93,2.46,88.43,182,183,,,,
2026-08-15 05:00:00,5,15,8,5,112.3,116.64,966.59,6.59,2.5,92.66,180,182,,,,
2026-08-15 06:00:00,6,15,8,5,104.76,108.87,903.35,4.36,3.13,111.9,176,180,,,,
2026-08-15 07:00:00,7,15,8,5,104.47,108.67,925.98,4.95,2.95,105.89,176,176,,,,
2026-08-15 08:00:00,8,15,8,5,104.52,108.93,966.09,6.0,2.72,100.4,176,176,,,,
2026-08-15 09:00:00,9,15,8,5,105.02,109.54,990.23,5.58,2.67,111.73,177,176,,,,
2026-08-15 10:00:00,10,15,8,5,107.48,112.11,994.43,4.37,2.55,133.44,178,177,,,,
2026-08-15 11:00:00,11,15,8,5,112.36,117.21,985.87,3.23,2.45,157.26,180,178,,,,
2026-08-15 12:00:00,12,15,8,5,78.16,93.59,686.11,1.64,2.55,155.3,163,180,,,,
2026-08-15 13:00:00,13,15,8,5,66.67,94.17,518.77,1.22,2.57,140.91,157,163,,,,
2026-08-15 14:00:00,14,15,8,5,66.22,99.0,461.99,1.19,2.58,135.69,157,157,,,,
2026-08-15 15:00:00,15,15,8,5,66.16,102.66,422.35,1.25,2.56,132.57,157,157,,,,
2026-08-15 16:00:00,16,15,8,5,64.52,102.4,391.08,1.42,2.46,129.28,156,157,,,,
2026-08-15 17:00:00,17,15,8,5,62.42,100.41,369.46,1.78,2.34,126.14,155,156,,,,
2026-08-15 18:00:00,18,15,8,5,63.28,100.48,421.1,6.55,2.2,108.54,155,155,,,,
2026-08-15 19:00:00,19,15,8,5,66.3,102.61,515.33,12.98,2.08,84.79,157,155,,,,
2026-08-15 20:00:00,20,15,8,5,69.46,105.56,594.44,16.99,2.04,69.16,158,157,,,,
2026-08-15 21:00:00,21,15,8,5,72.2,107.97,657.4,19.45,2.04,58.84,160,158,,,,
2026-08-15 22:00:00,22,15,8,5,75.02,111.08,713.67,20.88,1.96,51.95,161,160,,,,
2026-08-15 23:00:00,23,15,8,5,76.61,113.4,754.8,21.88,1.84,46.9,162,161,,,,
2026-08-16 00:00:00,0,16,8,6,75.9,112.57,764.92,22.05,1.67,41.96,162,162,,,,
2026-08-16 01:00:00,1,16,8,6,74.67,110.12,765.93,21.38,1.53,36.83,161,162,,,,
2026-08-16 02:00:00,2,16,8,6,73.57,107.43,764.6,20.16,1.51,33.55,160,161,,,,
2026-08-16 03:00:00,3,16,8,6,71.99,103.95,746.68,18.09,1.72,34.16,160,160,,,,
2026-08-16 04:00:00,4,16,8,6,71.98,101.98,746.3,16.95,1.76,34.18,160,160,,,,
2026-08-16 05:00:00,5,16,8,6,72.23,100.61,748.93,15.93,1.71,34.37,160,160,,,,
2026-08-16 06:00:00,6,16,8,6,69.95,96.41,723.86,13.5,1.75,38.27,158,160,,,,
2026-08-16 07:00:00,7,16,8,6,66.96,90.88,700.91,11.9,1.72,42.68,157,158,,,,
2026-08-16 08:00:00,8,16,8,6,63.26,85.92,665.24,9.89,1.82,52.66,155,157,,,,
2026-08-16 09:00:00,9,16,8,6,54.36,82.65,524.92,6.07,2.53,77.1,147,155,,,,
2026-08-16 10:00:00,10,16,8,6,58.4,88.37,495.6,4.39,2.79,96.96,152,147,,,,
2026-08-16 11:00:00,11,16,8,6,69.61,101.81,482.82,3.11,2.97,119.08,158,152,,,,
2026-08-16 12:00:00,12,16,8,6,56.96,111.19,305.3,1.38,3.59,111.24,152,158,,,,
2026-08-16 13:00:00,13,16,8,6,51.7,109.66,242.19,0.99,3.12,108.04,141,152,,,,
2026-08-16 14:00:00,14,16,8,6,50.34,108.14,228.05,0.99,2.82,108.82,138,141,,,,
2026-08-16 15:00:00,15,16,8,6,49.43,108.18,220.85,1.08,2.68,110.28,135,138,,,,
2026-08-16 16:00:00,16,16,8,6,48.18,107.66,214.11,1.29,2.57,110.34,132,135,,,,
2026-08-16 17:00:00,17,16,8,6,46.59,106.9,208.53,1.72,2.48,108.85,128,132,,,,
2026-08-16 18:00:00,18,16,8,6,46.6,107.11,249.33,5.42,2.4,96.65,128,128,,,,
2026-08-16 19:00:00,19,16,8,6,48.32,108.39,321.27,10.33,2.35,80.15,133,128,,,,
2026-08-16 20:00:00,20,16,8,6,50.6,110.43,379.61,12.96,2.34,69.98,138,133,,,,
2026-08-16 21:00:00,21,16,8,6,52.71,111.74,415.48,13.98,2.34,64.28,143,138,,,,
2026-08-16 22:00:00,22,16,8,6,54.66,113.3,438.33,14.04,2.34,61.1,148,143,,,,
2026-08-16 23:00:00,23,16,8,6,55.67,114.21,446.29,13.71,2.34,58.4,151,148,,,,
2026-08-17 00:00:00,0,17,8,0,55.05,112.68,424.52,12.13,2.37,57.76,149,151,,,,
2026-08-17 01:00:00,1,17,8,0,55.24,109.47,427.19,11.68,2.27,54.17,150,149,,,,
2026-08-17 02:00:00,2,17,8,0,56.01,105.31,443.63,11.38,2.14,49.62,151,150,,,,
2026-08-17 03:00:00,3,17,8,0,57.07,99.02,469.77,11.39,2.0,43.85,152,151,,,,
2026-08-17 04:00:00,4,17,8,0,58.95,93.65,505.98,11.85,1.92,37.83,153,152,,,,
2026-08-17 05:00:00,5,17,8,0,60.45,89.58,536.25,11.99,1.98,34.02,154,153,,,,
2026-08-17 06:00:00,6,17,8,0,60.29,84.75,548.13,11.47,2.37,33.29,153,154,,,,
2026-08-17 07:00:00,7,17,8,0,59.35,79.56,565.57,11.36,2.76,33.52,153,153,,,,
2026-08-17 08:00:00,8,17,8,0,57.68,74.61,582.36,11.23,3.01,35.57,152,153,,,,
2026-08-17 09:00:00,9,17,8,0,54.51,70.97,542.09,9.38,3.16,46.46,148,152,,,,
2026-08-17 10:00:00,10,17,8,0,54.48,71.23,513.34,7.54,3.03,60.7,148,148,,,,
2026-08-17 11:00:00,11,17,8,0,58.81,77.61,476.13,5.22,2.85,83.3,153,148,,,,
2026-08-17 12:00:00,12,17,8,0,51.42,81.1,348.15,2.45,2.48,98.61,140,153,,,,
2026-08-17 13:00:00,13,17,8,0,50.88,84.6,301.42,1.76,2.29,105.68,139,140,,,,
2026-08-17 14:00:00,14,17,8,0,53.1,87.75,290.45,1.62,2.17,112.98,144,139,,,,
2026-08-17 15:00:00,15,17,8,0,49.43,86.77,260.12,1.47,1.97,114.32,135,144,,,,
2026-08-17 16:00:00,16,17,8,0,45.28,83.89,239.51,1.59,1.78,111.99,125,135,,,,
2026-08-17 17:00:00,17,17,8,0,43.43,81.4,239.71,2.12,1.71,111.15,121,125,,,,
2026-08-17 18:00:00,18,17,8,0,44.31,80.94,275.66,4.7,1.74,105.25,123,121,,,,
2026-08-17 19:00:00,19,17,8,0,47.99,82.62,338.21,8.13,1.83,96.23,132,123,,,,
2026-08-17 20:00:00,20,17,8,0,52.27,84.79,398.1,10.13,1.9,89.58,142,132,,,,
2026-08-17 21:00:00,21,17,8,0,56.84,87.13,453.98,11.2,1.96,84.08,152,142,,,,
2026-08-17 22:00:00,22,17,8,0,60.66,89.56,500.26,11.57,2.03,79.96,154,152,,,,
2026-08-17 23:00:00,23,17,8,0,62.11,90.58,528.67,11.61,2.11,76.03,154,154,,,,
2026-08-18 00:00:00,0,18,8,1,60.94,89.64,537.26,11.27,2.24,71.46,154,154,,,,
2026-08-18 01:00:00,1,18,8,1,59.75,87.72,546.06,10.82,2.38,66.54,153,154,,,,
2026-08-18 02:00:00,2,18,8,1,58.43,83.95,546.81,10.03,2.59,62.52,153,153,,,,
2026-08-18 03:00:00,3,18,8,1,56.48,78.8,530.68,8.88,2.77,60.19,152,153,,,,
2026-08-18 05:00:00,5,18,8,1,54.83,71.05,502.34,7.52,3.0,57.67,149,152,,,,
2026-08-18 06:00:00,6,18,8,1,53.99,67.51,486.3,7.11,3.2,57.18,147,149,,,,
2026-08-18 07:00:00,7,18,8,1,53.44,65.22,482.01,7.36,3.46,56.41,145,147,,,,
2026-08-18 08:00:00,8,18,8,1,53.62,64.56,489.83,7.5,3.7,58.46,146,145,,,,
2026-08-18 09:00:00,9,18,8,1,51.89,73.35,431.9,5.67,4.3,76.05,141,146,,,,
2026-08-18 10:00:00,10,18,8,1,55.35,82.05,399.66,3.9,4.31,97.15,150,141,,,,
2026-08-18 11:00:00,11,18,8,1,63.56,91.92,389.58,2.69,4.13,117.81,155,150,,,,
2026-08-18 12:00:00,12,18,8,1,57.43,101.89,306.11,1.6,3.32,116.99,152,155,,,,
2026-08-18 13:00:00,13,18,8,1,52.57,102.82,257.91,1.26,2.66,112.8,143,152,,,,
2026-08-18 14:00:00,14,18,8,1,51.64,102.47,246.06,1.27,2.33,112.44,141,143,,,,
2026-08-18 15:00:00,15,18,8,1,51.7,104.11,243.78,1.43,2.16,113.77,141,141,,,,
2026-08-18 16:00:00,16,18,8,1,51.43,105.82,242.13,1.75,2.08,113.55,140,141,,,,
2026-08-18 17:00:00,17,18,8,1,50.59,106.74,241.62,2.3,2.1,112.34,138,140,,,,
2026-08-18 18:00:00,18,18,8,1,50.83,107.9,255.43,3.64,2.27,110.95,139,138,,,,
2026-08-18 19:00:00,19,18,8,1,52.62,108.85,284.18,5.41,2.53,108.37,143,139,,,,
2026-08-18 20:00:00,20,18,8,1,54.41,109.89,314.62,6.57,2.83,105.99,148,143,,,,
2026-08-18 22:00:00,22,18,8,1,55.72,109.5,372.85,7.94,3.68,94.65,151,148,,,,
2026-08-18 23:00:00,23,18,8,1,55.3,107.59,384.09,7.88,4.37,89.45,150,151,,,,
2026-08-19 00:00:00,0,19,8,2,55.17,103.3,390.79,7.55,4.98,84.53,149,150,,,,
2026-08-19 01:00:00,1,19,8,2,58.95,98.23,438.51,7.79,5.32,79.03,153,149,,,,
2026-08-19 02:00:00,2,19,8,2,64.6,93.56,495.92,7.66,5.63,76.01,156,153,,,,
2026-08-19 03:00:00,3,19,8,2,69.47,89.48,537.92,7.04,5.67,75.4,158,156,,,,
2026-08-19 04:00:00,4,19,8,2,72.8,87.03,560.65,6.31,5.55,77.44,160,158,,,,
2026-08-19 05:00:00,5,19,8,2,73.16,83.92,561.8,5.68,5.2,79.56,160,160,,,,
2026-08-19 06:00:00,6,19,8,2,69.49,77.83,546.15,5.07,4.76,80.59,158,160,,,,
2026-08-19 07:00:00,7,19,8,2,65.96,72.0,550.28,5.52,4.06,78.13,156,158,,,,
2026-08-19 08:00:00,8,19,8,2,62.12,66.9,563.91,6.59,3.48,75.23,154,156,,,,
2026-08-19 09:00:00,9,19,8,2,58.44,62.95,567.1,6.67,2.98,78.36,153,154,,,,
2026-08-19 10:00:00,10,19,8,2,58.25,63.02,554.54,5.54,2.78,92.11,152,153,,,,
2026-08-19 11:00:00,11,19,8,2,63.03,69.19,532.72,4.06,2.8,111.58,155,152,,,,
2026-08-19 12:00:00,12,19,8,2,51.83,80.89,368.78,2.1,2.69,108.98,141,155,,,,
2026-08-19 13:00:00,13,19,8,2,48.0,84.25,311.06,1.81,2.38,105.14,132,141,,,,
2026-08-19 14:00:00,14,19,8,2,47.25,81.95,309.6,2.11,2.23,104.59,130,132,,,,
2026-08-19 15:00:00,15,19,8,2,45.31,76.86,313.63,2.5,2.18,104.78,125,130,,,,
2026-08-19 16:00:00,16,19,8,2,42.43,69.66,316.56,2.93,2.07,104.17,118,125,,,,
2026-08-19 17:00:00,17,19,8,2,38.97,62.18,317.17,3.51,1.99,102.84,110,118,,,,
2026-08-19 18:00:00,18,19,8,2,36.15,57.7,315.03,4.15,1.93,100.73,103,110,,,,
2026-08-19 19:00:00,19,19,8,2,35.72,57.75,316.1,4.57,2.1,98.68,102,103,,,,
2026-08-19 20:00:00,20,19,8,2,36.39,60.19,318.17,4.62,2.4,96.91,103,102,,,,
2026-08-19 21:00:00,21,19,8,2,38.47,61.84,340.92,5.32,3.02,91.46,108,103,,,,
2026-08-19 22:00:00,22,19,8,2,42.59,62.96,391.18,6.7,3.94,83.68,118,108,,,,
2026-08-19 23:00:00,23,19,8,2,47.02,64.82,438.61,7.88,4.85,76.01,129,118,,,,
2026-08-20 00:00:00,0,20,8,3,50.96,65.76,480.98,8.76,5.96,68.11,139,129,,,,
2026-08-20 01:00:00,1,20,8,3,54.84,66.21,521.3,9.23,6.88,61.35,149,139,,,,
2026-08-20 02:00:00,2,20,8,3,58.07,66.45,553.03,9.22,7.2,56.07,152,149,,,,
2026-08-20 03:00:00,3,20,8,3,59.78,66.11,561.48,8.67,6.37,52.83,153,152,,,,
2026-08-20 04:00:00,4,20,8,3,60.4,65.4,558.01,7.93,5.47,52.38,154,153,,,,
2026-08-20 05:00:00,5,20,8,3,58.72,62.68,540.29,7.13,4.61,53.67,153,154,,,,
2026-08-20 06:00:00,6,20,8,3,54.31,57.91,505.47,6.27,3.68,55.94,147,153,,,,
2026-08-20 07:00:00,7,20,8,3,48.85,52.77,471.34,5.96,3.17,58.74,134,147,,,,
2026-08-20 08:00:00,8,20,8,3,44.24,48.69,445.44,5.83,2.83,63.44,123,134,,,,
2026-08-20 09:00:00,9,20,8,3,40.59,46.28,406.57,4.87,2.53,75.13,114,123,,,,
2026-08-20 10:00:00,10,20,8,3,40.68,47.01,383.78,3.98,2.28,86.99,114,114,,,,
2026-08-20 11:00:00,11,20,8,3,42.07,48.54,374.87,3.45,2.15,95.19,117,114,,,,
2026-08-20 12:00:00,12,20,8,3,39.74,56.06,330.65,2.83,2.21,97.5,111,117,,,,
2026-08-20 13:00:00,13,20,8,3,39.64,58.97,320.99,2.93,2.21,97.7,111,111,,,,
2026-08-20 14:00:00,14,20,8,3,40.25,57.44,332.7,3.44,2.23,98.25,113,111,,,,
2026-08-20 15:00:00,15,20,8,3,40.4,54.3,346.38,3.96,2.21,98.83,113,113,,,,
2026-08-20 16:00:00,16,20,8,3,39.73,49.25,361.73,4.53,2.1,99.2,111,113,,,,
2026-08-20 17:00:00,17,20,8,3,38.69,45.16,374.76,5.31,1.99,98.5,109,111,,,,
2026-08-20 18:00:00,18,20,8,3,37.72,42.93,391.63,6.84,1.83,93.68,106,109,,,,
2026-08-20 19:00:00,19,20,8,3,37.38,42.27,417.38,8.39,1.75,86.92,106,106,,,,
2026-08-20 20:00:00,20,20,8,3,37.45,42.43,435.48,8.79,1.72,82.81,106,106,,,,
2026-08-20 21:00:00,21,20,8,3,38.06,43.35,462.54,9.66,1.63,76.5,107,106,,,,
2026-08-20 22:00:00,22,20,8,3,39.58,45.37,507.3,11.31,1.53,67.62,111,107,,,,
2026-08-20 23:00:00,23,20,8,3,41.04,47.26,544.72,12.7,1.46,59.95,115,111,,,,
2026-08-21 00:00:00,0,21,8,4,42.12,48.37,565.97,13.28,1.38,54.43,117,115,,,,
2026-08-21 01:00:00,1,21,8,4,43.05,49.13,574.71,12.65,1.37,52.22,120,117,,,,
2026-08-21 02:00:00,2,21,8,4,43.74,49.62,571.32,11.26,1.48,52.83,121,120,,,,
2026-08-21 03:00:00,3,21,8,4,43.65,49.35,551.56,9.45,1.72,56.2,121,121,,,,
2026-08-21 04:00:00,4,21,8,4,43.86,49.48,538.02,8.55,1.87,57.64,122,121,,,,
2026-08-21 05:00:00,5,21,8,4,44.44,50.11,527.82,8.09,1.98,58.18,123,122,,,,
2026-08-21 06:00:00,6,21,8,4,44.35,50.29,514.58,7.74,2.08,57.96,123,123,,,,
2026-08-21 07:00:00,7,21,8,4,44.24,50.95,509.84,8.13,2.23,57.41,123,123,,,,
2026-08-21 08:00:00,8,21,8,4,45.09,52.81,514.53,8.56,2.42,59.88,125,123,,,,
2026-08-21 09:00:00,9,21,8,4,48.36,69.98,416.09,5.55,3.84,91.89,133,125,,,,
2026-08-21 10:00:00,10,21,8,4,53.58,82.99,382.62,3.87,4.22,108.84,146,133,,,,
2026-08-21 11:00:00,11,21,8,4,60.73,93.18,371.34,2.76,4.25,124.75,154,146,,,,
2026-08-21 12:00:00,12,21,8,4,65.13,111.58,335.71,1.87,4.23,130.35,156,154,,,,
2026-08-21 13:00:00,13,21,8,4,65.9,123.24,309.34,1.78,3.96,127.61,156,156,,,,
2026-08-21 14:00:00,14,21,8,4,66.13,126.65,302.59,2.12,3.73,126.43,156,156,,,,
2026-08-21 15:00:00,15,21,8,4,66.13,128.37,302.55,2.45,3.6,126.41,156,156,,,,
2026-08-21 16:00:00,16,21,8,4,64.99,127.27,298.14,2.57,3.39,126.01,156,156,,,,
2026-08-21 17:00:00,17,21,8,4,63.29,124.91,293.72,2.89,3.2,124.18,155,156,,,,
2026-08-21 18:00:00,18,21,8,4,63.93,124.59,316.5,5.02,3.12,117.66,155,155,,,,
2026-08-21 19:00:00,19,21,8,4,67.31,127.29,366.47,8.18,3.15,108.11,157,155,,,,
2026-08-21 20:00:00,20,21,8,4,70.97,130.94,417.64,10.18,3.19,100.23,159,157,,,,
2026-08-21 21:00:00,21,21,8,4,75.06,134.6,474.64,11.54,3.25,92.74,161,159,,,,
2026-08-21 22:00:00,22,21,8,4,80.7,139.88,538.5,12.2,3.43,87.21,164,161,,,,
2026-08-21 23:00:00,23,21,8,4,86.87,145.23,593.93,12.35,3.69,83.37,167,164,,,,
2026-08-22 00:00:00,0,22,8,5,92.09,148.08,633.71,11.93,3.93,79.93,170,167,,,,
2026-08-22 01:00:00,1,22,8,5,97.05,148.48,661.75,10.88,4.35,77.9,172,170,,,,
2026-08-22 02:00:00,2,22,8,5,100.29,145.77,663.73,9.27,5.05,78.66,174,172,,,,
2026-08-22 03:00:00,3,22,8,5,101.33,139.84,646.42,7.92,5.39,79.34,175,174,,,,
2026-08-22 04:00:00,4,22,8,5,103.34,134.73,649.07,7.54,4.98,76.69,176,175,,,,
2026-08-22 05:00:00,5,22,8,5,104.15,130.04,642.94,7.32,4.5,74.75,176,176,,,,
2026-08-22 06:00:00,6,22,8,5,101.78,123.0,618.72,6.99,4.05,72.67,175,176,,,,
2026-08-22 07:00:00,7,22,8,5,98.24,116.26,593.4,7.05,3.78,71.63,173,175,,,,
2026-08-22 08:00:00,8,22,8,5,93.69,109.84,568.1,7.03,3.61,74.42,171,173,,,,
2026-08-22 09:00:00,9,22,8,5,78.21,99.0,444.36,4.53,3.75,94.57,163,171,,,,
2026-08-22 10:00:00,10,22,8,5,74.99,97.72,420.75,3.42,3.42,104.06,161,163,,,,
2026-08-22 11:00:00,11,22,8,5,77.64,101.61,422.08,2.65,3.24,114.04,162,161,,,,
2026-08-22 12:00:00,12,22,8,5,72.18,114.6,355.17,1.71,3.51,118.2,160,162,,,,
2026-08-22 13:00:00,13,22,8,5,72.07,123.04,328.06,1.48,3.62,120.8,160,160,,,,
2026-08-22 14:00:00,14,22,8,5,75.11,127.95,327.63,1.51,3.66,126.22,161,160,,,,
2026-08-22 14:18:54,14,22,8,5,75.11,127.95,327.63,1.51,3.66,126.22,161,161,34.73,64,1004,0.89
2026-08-22 14:20:03,14,22,8,5,75.11,127.95,327.63,1.51,3.66,126.22,161,161,34.73,64.0,1004.0,0.89
